{
  "watson_speech_to_text_apikey": "zmsmSHwYgYCymntIDUN-85Oc393LinWv2dokbIN6Qlp1",
  "watson_speech_to_text_iam_apikey_description": "Auto generated apikey during resource-key operation for Instance - crn:v1:bluemix:public:speech-to-text:us-east:a/81caa02546315e5f9331ae4276580d6f:9cab9111-abef-444f-bfc8-741823d0276e::",
  "watson_speech_to_text_iam_apikey_name": "auto-generated-apikey-22455c66-8413-4eb6-b995-b482e98e6660",
  "watson_speech_to_text_iam_role_crn": "crn:v1:bluemix:public:iam::::serviceRole:Writer",
  "watson_speech_to_text_iam_serviceid_crn": "crn:v1:bluemix:public:iam-identity::a/81caa02546315e5f9331ae4276580d6f::serviceid:ServiceId-620f5655-0152-41bb-9429-5ccadc70991a",
  "watson_speech_to_text_url": "https://gateway-wdc.watsonplatform.net/speech-to-text/api"
}
